variant,lgbm,xgb,cat,mean,worst,recent,2016_may_aug,2016_sep_dec,2017_jan_apr
add_assigned_lab,0,1,1,0.9176250703134855,0.9147201125162175,0.9147201125162175,0.9209722068768971,0.9171828915473421,0.9147201125162175
add_assigned_lab,0,1,2,0.9170112038731492,0.9139592280164218,0.9139592280164218,0.92082665829356,0.9162477253094657,0.9139592280164218
add_assigned_lab,0,1,3,0.9164728760767097,0.9134062429877282,0.9134062429877282,0.9204728349022876,0.9155395503401134,0.9134062429877282
add_assigned_lab,0,1,4,0.916075294854962,0.913033290086447,0.913033290086447,0.9201596807445033,0.9150329137339359,0.913033290086447
add_assigned_lab,0,2,1,0.9176367064549912,0.9150502951030535,0.9150502951030535,0.9204880447928415,0.9173717794690784,0.9150502951030535
add_assigned_lab,0,2,2,0.9176250703134855,0.9147201125162175,0.9147201125162175,0.9209722068768971,0.9171828915473421,0.9147201125162175
add_assigned_lab,0,2,3,0.917331802581563,0.9143162329215591,0.9143162329215591,0.9209742419284555,0.9167049328946747,0.9143162329215591
add_assigned_lab,0,2,4,0.9170112038731492,0.9139592280164218,0.9139592280164218,0.92082665829356,0.9162477253094657,0.9139592280164218
add_assigned_lab,0,3,1,0.9174097339029824,0.915043737190109,0.915043737190109,0.9199895207563812,0.9171959437624572,0.915043737190109
add_assigned_lab,0,3,2,0.917711798969122,0.9149680712938735,0.9149680712938735,0.920768192958162,0.9173991326553306,0.9149680712938735
add_assigned_lab,0,3,3,0.9176249241264212,0.9147200519350356,0.9147200519350356,0.9209721220830822,0.9171825983611457,0.9147200519350356
add_assigned_lab,0,3,4,0.9174308981575713,0.914449920444792,0.914449920444792,0.920985275723624,0.9168574983042979,0.914449920444792
add_assigned_lab,0,4,1,0.9172099404712301,0.9149915616471684,0.9149915616471684,0.9196187598005751,0.917019499965947,0.9149915616471684
add_assigned_lab,0,4,2,0.9176367064549912,0.9150502951030535,0.9150502951030535,0.9204880447928415,0.9173717794690784,0.9150502951030535
add_assigned_lab,0,4,3,0.9177043597061562,0.9149034917539318,0.9149034917539318,0.9208546932486231,0.9173548941159138,0.9149034917539318
add_assigned_lab,0,4,4,0.9176250703134855,0.9147201125162175,0.9147201125162175,0.9209722068768971,0.9171828915473421,0.9147201125162175
add_assigned_lab,1,0,1,0.9171648207322374,0.9148018819665331,0.9148018819665331,0.9199338748153296,0.9167587054148494,0.9148018819665331
add_assigned_lab,1,0,2,0.916740450451517,0.914122994096485,0.914122994096485,0.9200957356088151,0.916002621649251,0.914122994096485
add_assigned_lab,1,0,3,0.9162934345655543,0.9135898796954657,0.9135898796954657,0.9199307162457234,0.9153597077554742,0.9135898796954657
add_assigned_lab,1,0,4,0.9159504448594226,0.913193860509163,0.913193860509163,0.9197401951427898,0.9149172789263147,0.913193860509163
add_assigned_lab,1,1,0,0.9169027129554074,0.9151003957405128,0.9151003957405128,0.9184576992911152,0.9171500438345939,0.9151003957405128
add_assigned_lab,1,1,1,0.9180491374089664,0.9154664423870537,0.9154664423870537,0.9206970827451115,0.9179838870947343,0.9154664423870537
add_assigned_lab,1,1,2,0.9178117081343026,0.915011189950115,0.915011189950115,0.9209883706978691,0.9174355637549236,0.915011189950115
add_assigned_lab,1,1,3,0.9174176006819469,0.914533840527066,0.914533840527066,0.9208708994665028,0.9168480620522721,0.914533840527066
add_assigned_lab,1,1,4,0.9170597700344084,0.9141564197636171,0.9141564197636171,0.9206816820684739,0.9163412082711344,0.9141564197636171
add_assigned_lab,1,2,0,0.9169223828802296,0.9150983511256227,0.9150983511256227,0.9185887057351907,0.9170800917798757,0.9150983511256227
add_assigned_lab,1,2,1,0.9179931533560137,0.9155040481557393,0.9155040481557393,0.9205042404114943,0.9179711715008075,0.9155040481557393
add_assigned_lab,1,2,2,0.9180571391781324,0.9152970271117752,0.9152970271117752,0.9210281813939815,0.9178462090286407,0.9152970271117752
add_assigned_lab,1,2,3,0.9178574989340952,0.91497673440289,0.91497673440289,0.9211210094228823,0.9174747529765132,0.91497673440289
add_assigned_lab,1,2,4,0.9175938160808252,0.914658228838872,0.914658228838872,0.921056820504976,0.9170663988986276,0.914658228838872
add_assigned_lab,1,3,0,0.9167945561271639,0.9150317875519727,0.9150317875519727,0.918476671907207,0.9168752089223118,0.9150317875519727
add_assigned_lab,1,3,1,0.9177870454409023,0.9154217940559684,0.9154217940559684,0.9201700891852866,0.917769253081452,0.9154217940559684
add_assigned_lab,1,3,2,0.9180295704362947,0.9153653021038147,0.9153653021038147,0.9208339823593252,0.917889426845744,0.9153653021038147
add_assigned_lab,1,3,3,0.9179901762320605,0.9151748651584052,0.9151748651584052,0.9210805521739311,0.9177151113638449,0.9151748651584052
add_assigned_lab,1,3,4,0.9178403998113276,0.9149394618307052,0.9149394618307052,0.9211372262399887,0.9174445113632889,0.9149394618307052
add_assigned_lab,1,4,0,0.9166828593790061,0.9149554249721448,0.9149554249721448,0.9183776221321355,0.9167155310327382,0.9149554249721448
add_assigned_lab,1,4,1,0.9175927293667964,0.9153435837500915,0.9153435837500915,0.9198543912130543,0.9175802131372435,0.9153435837500915
add_assigned_lab,1,4,2,0.9179264557792212,0.9153708301366664,0.9153708301366664,0.9206113879958923,0.9177971492051049,0.9153708301366664
add_assigned_lab,1,4,3,0.9179922894210623,0.9152598605566586,0.9152598605566586,0.9209459737904014,0.9177710339161267,0.9152598605566586
add_assigned_lab,1,4,4,0.9179350456025986,0.9150941255881827,0.9150941255881827,0.9210928684755505,0.9176181427440628,0.9150941255881827
add_assigned_lab,2,0,1,0.9169333673064145,0.9149254675776785,0.9149254675776785,0.9190788245847457,0.9167958097568196,0.9149254675776785
add_assigned_lab,2,0,2,0.9171648207322374,0.9148018819665331,0.9148018819665331,0.9199338748153296,0.9167587054148494,0.9148018819665331
add_assigned_lab,2,0,3,0.9169907976916406,0.9144605372969259,0.9144605372969259,0.9201211207571612,0.9163907350208349,0.9144605372969259
add_assigned_lab,2,0,4,0.916740450451517,0.914122994096485,0.914122994096485,0.9200957356088151,0.916002621649251,0.914122994096485
add_assigned_lab,2,1,0,0.9164942396029864,0.9148487566560546,0.9148487566560546,0.9178337546031382,0.9168002075497661,0.9148487566560546
add_assigned_lab,2,1,1,0.9177008082919881,0.915420249235829,0.915420249235829,0.9199203608010742,0.917761814839061,0.915420249235829
add_assigned_lab,2,1,2,0.9178319936004801,0.9152802158337886,0.9152802158337886,0.9205580420870708,0.9176577228805809,0.9152802158337886
add_assigned_lab,2,1,3,0.9176773164510412,0.9149968625005876,0.9149968625005876,0.92072787349916,0.917307213353376,0.9149968625005876
add_assigned_lab,2,1,4,0.9174395268307004,0.9146821735510313,0.9146821735510313,0.9207132783637643,0.9169231285773058,0.9146821735510313
add_assigned_lab,2,2,0,0.9169027129554074,0.9151003957405128,0.9151003957405128,0.9184576992911152,0.9171500438345939,0.9151003957405128
add_assigned_lab,2,2,1,0.9178424761455451,0.9155086371802708,0.9155086371802708,0.9200673826769459,0.9179514085794187,0.9155086371802708
add_assigned_lab,2,2,2,0.9180491374089664,0.9154664423870537,0.9154664423870537,0.9206970827451115,0.9179838870947343,0.9154664423870537
add_assigned_lab,2,2,3,0.9179761611892161,0.9152529391566228,0.9152529391566228,0.9209257610647661,0.9177497833462595,0.9152529391566228
add_assigned_lab,2,2,4,0.9178117081343026,0.915011189950115,0.915011189950115,0.9209883706978691,0.9174355637549236,0.915011189950115
add_assigned_lab,2,3,0,0.9169567464696676,0.9151245373415136,0.9151245373415136,0.9185797175908076,0.9171659844766814,0.9151245373415136
add_assigned_lab,2,3,1,0.9177804018452683,0.9154880547237086,0.9154880547237086,0.9199813911493744,0.917871759662722,0.9154880547237086
add_assigned_lab,2,3,2,0.9180592845007617,0.9155113633334577,0.9155113633334577,0.920627657809133,0.9180388323596944,0.9155113633334577
add_assigned_lab,2,3,3,0.9180791977315264,0.9153717994355772,0.9153717994355772,0.9209291422181366,0.9179366515408651,0.9153717994355772
add_assigned_lab,2,3,4,0.9179881561994705,0.9151886776678863,0.9151886776678863,0.9210588661557615,0.9177169247747635,0.9151886776678863
add_assigned_lab,2,4,0,0.9169223828802296,0.9150983511256227,0.9150983511256227,0.9185887057351907,0.9170800917798757,0.9150983511256227
add_assigned_lab,2,4,1,0.9176675951954246,0.9154264588069773,0.9154264588069773,0.9198404426304974,0.9177358841487993,0.9154264588069773
add_assigned_lab,2,4,2,0.9179931533560137,0.9155040481557393,0.9155040481557393,0.9205042404114943,0.9179711715008075,0.9155040481557393
add_assigned_lab,2,4,3,0.9180819728791273,0.9154280490630029,0.9154280490630029,0.9208410732420992,0.9179767963322798,0.9154280490630029
add_assigned_lab,2,4,4,0.9180571391781324,0.9152970271117752,0.9152970271117752,0.9210281813939815,0.9178462090286407,0.9152970271117752
add_assigned_lab,3,0,1,0.9165706690598082,0.9148138013140785,0.9148138013140785,0.9183545688136998,0.9165436370516467,0.9148138013140785
add_assigned_lab,3,0,2,0.9171120249197693,0.9149421576933012,0.9149421576933012,0.9195060794197525,0.9168878376462543,0.9149421576933012
add_assigned_lab,3,0,3,0.9171647401552878,0.9148017759494645,0.9148017759494645,0.9199336522315654,0.9167587922848335,0.9148017759494645
add_assigned_lab,3,0,4,0.9170697023547433,0.9145830930279784,0.9145830930279784,0.9200989365753288,0.9165270774609223,0.9145830930279784
add_assigned_lab,3,1,0,0.9161422393782278,0.9146378887070378,0.9146378887070378,0.9173524225126561,0.9164364069149897,0.9146378887070378
add_assigned_lab,3,1,1,0.9173180345797421,0.9152515154988472,0.9152515154988472,0.9192639188835233,0.9174386693568563,0.9152515154988472
add_assigned_lab,3,1,2,0.9176560785224663,0.9153079923057053,0.9153079923057053,0.9200746007504422,0.9175856425112514,0.9153079923057053
add_assigned_lab,3,1,3,0.917683546445089,0.9151779699439794,0.9151779699439794,0.920426431487064,0.9174462379042234,0.9151779699439794
add_assigned_lab,3,1,4,0.9175798309553143,0.9149776128300281,0.9149776128300281,0.9205593775896561,0.9172025024462587,0.9149776128300281
add_assigned_lab,3,2,0,0.9167096626340904,0.9149841404523814,0.9149841404523814,0.918137867620405,0.9170069798294846,0.9149841404523814
add_assigned_lab,3,2,1,0.9175780718756377,0.9154085722130111,0.9154085722130111,0.9195871423068309,0.917738501107071,0.9154085722130111
add_assigned_lab,3,2,2,0.9178989145779038,0.9154740150347954,0.9154740150347954,0.9203099989799304,0.9179127297189861,0.9154740150347954
add_assigned_lab,3,2,3,0.9179324707647467,0.9153594560197582,0.9153594560197582,0.9206294596777005,0.9178084965967817,0.9153594560197582
add_assigned_lab,3,2,4,0.917866284463393,0.9152037169463014,0.9152037169463014,0.9207879393178151,0.9176071971260629,0.9152037169463014
add_assigned_lab,3,3,0,0.9169026171826872,0.9151006986464225,0.9151006986464225,0.9184574131119898,0.9171497397896495,0.9151006986464225
add_assigned_lab,3,3,1,0.9176388031283763,0.9154306540538262,0.9154306540538262,0.9196829487184814,0.9178028066128211,0.9154306540538262
add_assigned_lab,3,3,2,0.9179619386035931,0.9155310522175862,0.9155310522175862,0.9203378007520022,0.9180169628411906,0.9155310522175862
add_assigned_lab,3,3,3,0.9180491287326854,0.9154663212246896,0.9154663212246896,0.9206971887373803,0.9179838762359862,0.9154663212246896
add_assigned_lab,3,3,4,0.9180122091017746,0.9153292108646777,0.9153292108646777,0.9208720335837774,0.9178353828568688,0.9153292108646777
add_assigned_lab,3,4,0,0.9169568104931628,0.9151229622307833,0.9151229622307833,0.9185651966499999,0.9171822725987052,0.9151229622307833
add_assigned_lab,3,4,1,0.9176147679044728,0.9154240507049953,0.9154240507049953,0.9196608705289175,0.9177593824795057,0.9154240507049953
add_assigned_lab,3,4,2,0.9179411227971288,0.9155382310876454,0.9155382310876454,0.9202930084192626,0.9179921288844782,0.9155382310876454
add_assigned_lab,3,4,3,0.9180698229506703,0.9155106363592745,0.9155106363592745,0.9206633772036746,0.9180354552890615,0.9155106363592745
add_assigned_lab,3,4,4,0.9180822116875268,0.9154070122475764,0.9154070122475764,0.9208795272371726,0.9179600955778313,0.9154070122475764
add_assigned_lab,4,0,1,0.9162774010139555,0.9146905640447293,0.9146905640447293,0.9178469930374951,0.9162946459596422,0.9146905640447293
add_assigned_lab,4,0,2,0.9169333673064145,0.9149254675776785,0.9149254675776785,0.9190788245847457,0.9167958097568196,0.9149254675776785
add_assigned_lab,4,0,3,0.9171525298781452,0.9149248011846771,0.9149248011846771,0.9196471551293518,0.9168856333204071,0.9149248011846771
add_assigned_lab,4,0,4,0.9171648207322374,0.9148018819665331,0.9148018819665331,0.9199338748153296,0.9167587054148494,0.9148018819665331
add_assigned_lab,4,1,0,0.9158905974519392,0.9144875716493639,0.9144875716493639,0.9170093467374267,0.9161748739690271,0.9144875716493639
add_assigned_lab,4,1,1,0.9169923325034262,0.9150965488354601,0.9150965488354601,0.9187460088611232,0.9171344398136951,0.9150965488354601
add_assigned_lab,4,1,2,0.9174414741846363,0.915262813889278,0.915262813889278,0.9196307793238422,0.9174308293407889,0.915262813889278
add_assigned_lab,4,1,3,0.9175866275048933,0.9152185290452841,0.9152185290452841,0.9201019891526664,0.9174393643167293,0.9152185290452841
add_assigned_lab,4,1,4,0.9175818626004165,0.9151037579961102,0.9151037579961102,0.9203277102880252,0.9173141195171141,0.9151037579961102
add_assigned_lab,4,2,0,0.9164942396029864,0.9148487566560546,0.9148487566560546,0.9178337546031382,0.9168002075497661,0.9148487566560546
add_assigned_lab,4,2,1,0.9173223505274909,0.9152861376443225,0.9152861376443225,0.9191770052232142,0.9175039087149358,0.9152861376443225
add_assigned_lab,4,2,2,0.9177008082919881,0.915420249235829,0.915420249235829,0.9199203608010742,0.917761814839061,0.915420249235829
add_assigned_lab,4,2,3,0.9178212579154782,0.9153844306120106,0.9153844306120106,0.920320471016075,0.9177588721183488,0.9153844306120106
add_assigned_lab,4,2,4,0.9178319936004801,0.9152802158337886,0.9152802158337886,0.9205580420870708,0.9176577228805809,0.9152802158337886
add_assigned_lab,4,3,0,0.9167780507520956,0.915026910766827,0.915026910766827,0.9182451317962985,0.9170621096931613,0.915026910766827
add_assigned_lab,4,3,1,0.9174658367222644,0.9153660139327026,0.9153660139327026,0.9193771504241428,0.917654345809948,0.9153660139327026
add_assigned_lab,4,3,2,0.9178198045391293,0.9154994591312078,0.9154994591312078,0.9200387223674975,0.9179212321186825,0.9154994591312078
add_assigned_lab,4,3,3,0.9179521352263998,0.91547259137702,0.91547259137702,0.9204307877693063,0.9179530265328729,0.91547259137702
add_assigned_lab,4,3,4,0.9179759930693523,0.9153965165578063,0.9153965165578063,0.9206586605477188,0.9178728021025316,0.9153965165578063
add_assigned_lab,4,4,0,0.9169027129554074,0.9151003957405128,0.9151003957405128,0.9184576992911152,0.9171500438345939,0.9151003957405128
add_assigned_lab,4,4,1,0.9175129674593313,0.9153878837393807,0.9153878837393807,0.9194481016487902,0.917702916989823,0.9153878837393807
add_assigned_lab,4,4,2,0.9178424761455451,0.9155086371802708,0.9155086371802708,0.9200673826769459,0.9179514085794187,0.9155086371802708
add_assigned_lab,4,4,3,0.9180029357623033,0.9155248880823246,0.9155248880823246,0.9204596918609724,0.9180242273436131,0.9155248880823246
add_assigned_lab,4,4,4,0.9180491374089664,0.9154664423870537,0.9154664423870537,0.9206970827451115,0.9179838870947343,0.9154664423870537
drop_start_week,0,1,1,0.9185470394713163,0.9155241913987323,0.9155241913987323,0.9218893261800142,0.9182276008352027,0.9155241913987323
drop_start_week,0,1,2,0.9180030961922694,0.91471517514989,0.91471517514989,0.9219701558841016,0.9173239575428165,0.91471517514989
drop_start_week,0,1,3,0.9174920530340757,0.9141450305014135,0.9141450305014135,0.9217997945106688,0.9165313340901446,0.9141450305014135
drop_start_week,0,1,4,0.9171082960715836,0.9137645958241634,0.9137645958241634,0.9216018115520209,0.9159584808385666,0.9137645958241634
drop_start_week,0,2,1,0.918427350645984,0.9158823019104398,0.9158823019104398,0.9211660031409324,0.9182337468865798,0.9158823019104398
drop_start_week,0,2,2,0.9185470394713163,0.9155241913987323,0.9155241913987323,0.9218893261800142,0.9182276008352027,0.9155241913987323
drop_start_week,0,2,3,0.9182927848450196,0.915088930751832,0.915088930751832,0.9220127541768798,0.9177766696063469,0.915088930751832
drop_start_week,0,2,4,0.9180030961922694,0.91471517514989,0.91471517514989,0.9219701558841016,0.9173239575428165,0.91471517514989
drop_start_week,0,3,1,0.9181629828189526,0.9158859822172423,0.9158859822172423,0.9206108156376414,0.9179921506019743,0.9158859822172423
drop_start_week,0,3,2,0.9185531556791684,0.9157965189568211,0.9157965189568211,0.9215262602629135,0.9183366878177703,0.9157965189568211
drop_start_week,0,3,3,0.9185470713307042,0.915523873347527,0.915523873347527,0.921889728950635,0.9182276116939508,0.915523873347527
drop_start_week,0,3,4,0.9183884270780157,0.9152270861372322,0.9152270861372322,0.9219987419989616,0.9179394530978531,0.9152270861372322
drop_start_week,0,4,1,0.9179356936278863,0.9158471193890314,0.9158471193890314,0.9202202659252748,0.9177396955693529,0.9158471193890314
drop_start_week,0,4,2,0.918427350645984,0.9158823019104398,0.9158823019104398,0.9211660031409324,0.9182337468865798,0.9158823019104398
drop_start_week,0,4,3,0.9185755794597963,0.9157413597906702,0.9157413597906702,0.9216500698319462,0.9183353087567724,0.9157413597906702
drop_start_week,0,4,4,0.9185470394713163,0.9155241913987323,0.9155241913987323,0.9218893261800142,0.9182276008352027,0.9155241913987323
drop_start_week,1,0,1,0.9173413990090195,0.91532474300251,0.91532474300251,0.9196686609606647,0.9170307930638834,0.91532474300251
drop_start_week,1,0,2,0.9172211772095819,0.9146850208665822,0.9146850208665822,0.9205628223383879,0.9164156884237754,0.9146850208665822
drop_start_week,1,0,3,0.9169168622505001,0.9141662793509768,0.9141662793509768,0.9207703022043086,0.9158140051962149,0.9141662793509768
drop_start_week,1,0,4,0.9166491215547983,0.9137839515117913,0.9137839515117913,0.9207968426683835,0.9153665704842202,0.9137839515117913
drop_start_week,1,1,0,0.9168435923790348,0.9157144768911869,0.9157144768911869,0.9173770445166679,0.9174392557292493,0.9157144768911869
drop_start_week,1,1,1,0.9184344505776775,0.9161252778858815,0.9161252778858815,0.9205422492390392,0.9186358246081121,0.9161252778858815
drop_start_week,1,1,2,0.9183814271960727,0.9156797790192344,0.9156797790192344,0.9212861135797887,0.9181783889891948,0.9156797790192344
drop_start_week,1,1,3,0.9180871671234613,0.9152045953734395,0.9152045953734395,0.9214653889030164,0.917591517093928,0.9152045953734395
drop_start_week,1,1,4,0.9177886619013392,0.9148063043928142,0.9148063043928142,0.9214796872600599,0.9170799940511435,0.9148063043928142
drop_start_week,1,2,0,0.9170943040344568,0.9157769512350564,0.9157769512350564,0.9180560309897652,0.9174499298785488,0.9157769512350564
drop_start_week,1,2,1,0.9184450587883889,0.916191447681849,0.916191447681849,0.9204189166352152,0.9187248120481024,0.916191447681849
drop_start_week,1,2,2,0.9186711377300991,0.916023456064346,0.916023456064346,0.9212861241790156,0.9187038329469358,0.916023456064346
drop_start_week,1,2,3,0.9185374229250529,0.9156941973405345,0.9156941973405345,0.9215855099410997,0.9183325614935244,0.9156941973405345
drop_start_week,1,2,4,0.918330209814804,0.9153489754752835,0.9153489754752835,0.921706023150577,0.9179356308185515,0.9153489754752835
drop_start_week,1,3,0,0.9170769418051172,0.9157266385634603,0.9157266385634603,0.9181976684583882,0.917306518393503,0.9157266385634603
drop_start_week,1,3,1,0.9182661115250746,0.9161458451971481,0.9161458451971481,0.9201798934701386,0.9184725959079373,0.9161458451971481
drop_start_week,1,3,2,0.9186500809234796,0.9161053769676162,0.9161053769676162,0.9210912997899742,0.9187535660128484,0.9161053769676162
drop_start_week,1,3,3,0.9186945382042576,0.9159280709933908,0.9159280709933908,0.9215166785618257,0.9186388650575565,0.9159280709933908
drop_start_week,1,3,4,0.91859122958056,0.9156834896166277,0.9156834896166277,0.9217143329444406,0.9183758661806117,0.9156834896166277
drop_start_week,1,4,0,0.9170186116024994,0.9156565764265536,0.9156565764265536,0.9182522332782992,0.9171470251026456,0.9156565764265536
drop_start_week,1,4,1,0.9180843547618504,0.9160634547897178,0.9160634547897178,0.9199605318709001,0.918229077624933,0.9160634547897178
drop_start_week,1,4,2,0.9185385412185019,0.9161136614442456,0.9161136614442456,0.9208573854522474,0.9186445767590129,0.9161136614442456
drop_start_week,1,4,3,0.9186912367810169,0.9160116730244598,0.9160116730244598,0.9213579763379468,0.9187040609806439,0.9160116730244598
drop_start_week,1,4,4,0.9186904814729253,0.915863582325222,0.915863582325222,0.9216230736011162,0.9185847884924375,0.915863582325222
drop_start_week,2,0,1,0.9167733904489666,0.9154245050638599,0.9154245050638599,0.9180236715501404,0.9168719947328992,0.9154245050638599
drop_start_week,2,0,2,0.9173413990090195,0.91532474300251,0.91532474300251,0.9196686609606647,0.9170307930638834,0.91532474300251
drop_start_week,2,0,3,0.9173393278463253,0.9149972411329748,0.9149972411329748,0.9202868926653605,0.916733849740641,0.9149972411329748
drop_start_week,2,0,4,0.9172211772095819,0.9146850208665822,0.9146850208665822,0.9205628223383879,0.9164156884237754,0.9146850208665822
drop_start_week,2,1,0,0.9162068532192111,0.9154228996625385,0.9154228996625385,0.916275975631275,0.9169216843638198,0.9154228996625385
drop_start_week,2,1,1,0.9177945138914572,0.9160069022563826,0.9160069022563826,0.9192042770339428,0.918172362384046,0.9160069022563826
drop_start_week,2,1,2,0.918157462837585,0.9158922978054588,0.9158922978054588,0.9203565401851033,0.918223550522193,0.9158922978054588
drop_start_week,2,1,3,0.9181324232426934,0.9156279215274988,0.9156279215274988,0.9208616569406748,0.9179076912599067,0.9156279215274988
drop_start_week,2,1,4,0.9179809070927746,0.9153182608160431,0.9153182608160431,0.9210740654470885,0.9175503950151919,0.9153182608160431
drop_start_week,2,2,0,0.9168435923790348,0.9157144768911869,0.9157144768911869,0.9173770445166679,0.9174392557292493,0.9157144768911869
drop_start_week,2,2,1,0.9180613387128433,0.9161600666296073,0.9161600666296073,0.9195320793232571,0.9184918701856655,0.9161600666296073
drop_start_week,2,2,2,0.9184344505776775,0.9161252778858815,0.9161252778858815,0.9205422492390392,0.9186358246081121,0.9161252778858815
drop_start_week,2,2,3,0.918474259038851,0.9159246027207252,0.9159246027207252,0.9210355902535614,0.9184625841422666,0.9159246027207252
drop_start_week,2,2,4,0.9183814271960727,0.9156797790192344,0.9156797790192344,0.9212861135797887,0.9181783889891948,0.9156797790192344
drop_start_week,2,3,0,0.9170362820034473,0.9157887645655337,0.9157887645655337,0.9178422445838585,0.9174778368609496,0.9157887645655337
drop_start_week,2,3,1,0.9180776451639563,0.9161789073771885,0.9161789073771885,0.9195782071585822,0.918475820956098,0.9161789073771885
drop_start_week,2,3,2,0.9184905911997011,0.9161934317155573,0.9161934317155573,0.9205152636074359,0.9187630782761103,0.9161934317155573
drop_start_week,2,3,3,0.9186122922297217,0.9160846127675084,0.9160846127675084,0.9210384626440424,0.9187138012776142,0.9160846127675084
drop_start_week,2,3,4,0.9185803618424789,0.9158995978378819,0.9158995978378819,0.9213263906418833,0.9185150970476714,0.9158995978378819
drop_start_week,2,4,0,0.9170943040344568,0.9157769512350564,0.9157769512350564,0.9180560309897652,0.9174499298785488,0.9157769512350564
drop_start_week,2,4,1,0.9180097169959535,0.9161417862579586,0.9161417862579586,0.9195441942395661,0.918343170490336,0.9161417862579586
drop_start_week,2,4,2,0.9184450587883889,0.916191447681849,0.916191447681849,0.9204189166352152,0.9187248120481024,0.916191447681849
drop_start_week,2,4,3,0.9186308322301094,0.9161379999340876,0.9161379999340876,0.9209565836164952,0.9187979131397452,0.9161379999340876
drop_start_week,2,4,4,0.9186711377300991,0.916023456064346,0.916023456064346,0.9212861241790156,0.9187038329469358,0.916023456064346
drop_start_week,3,0,1,0.916255328852702,0.9152885154557135,0.9152885154557135,0.9169637064665375,0.9165137646358549,0.9152885154557135
drop_start_week,3,0,2,0.9170783150221222,0.915439483761093,0.915439483761093,0.9187609219733249,0.9170345393319489,0.915439483761093
drop_start_week,3,0,3,0.9173413487591308,0.9153246369854415,0.9153246369854415,0.9196687139567989,0.9170306953351515,0.9153246369854415
drop_start_week,3,0,4,0.9173631852772344,0.9151140265064481,0.9151140265064481,0.9201368818075125,0.9168386475177424,0.9151140265064481
drop_start_week,3,1,0,0.9157283300308073,0.9151648086822043,0.9151648086822043,0.9155699187327597,0.9164502626774579,0.9151648086822043
drop_start_week,3,1,1,0.9172308413282572,0.9158073932789783,0.9158073932789783,0.9181937891413549,0.9176913415644381,0.9158073932789783
drop_start_week,3,1,2,0.9177992465921804,0.9158858307642874,0.9158858307642874,0.9195053162754181,0.9180065927368354,0.9158858307642874
drop_start_week,3,1,3,0.9179675176496547,0.9157509770533022,0.9157509770533022,0.9202073666661776,0.917944209229484,0.9157509770533022
drop_start_week,3,1,4,0.9179773623633994,0.9155897402375848,0.9155897402375848,0.9206010007535625,0.9177413460990512,0.9155897402375848
drop_start_week,3,2,0,0.9165092825471665,0.9155620697827365,0.9155620697827365,0.9167681401316153,0.9171976377271476,0.9155620697827365
drop_start_week,3,2,1,0.9176290088638077,0.9160098101531153,0.9160098101531153,0.9187504499371807,0.9181267665011272,0.9160098101531153
drop_start_week,3,2,2,0.9181097743940659,0.9160903225439055,0.9160903225439055,0.9198192759744441,0.9184197246638479,0.9160903225439055
drop_start_week,3,2,3,0.9182918665042988,0.9160037217443309,0.9160037217443309,0.9204562577114676,0.9184156200570979,0.9160037217443309
drop_start_week,3,2,4,0.9182985324008265,0.9158323678712307,0.9158323678712307,0.920819970181407,0.9182432591498417,0.9158323678712307
drop_start_week,3,3,0,0.9168433845195549,0.9157142951476411,0.9157142951476411,0.9173769067267188,0.9174389516843047,0.9157142951476411
drop_start_week,3,3,1,0.9178011578771267,0.9160898530397454,0.9160898530397454,0.9190009414657272,0.9183126791259073,0.9160898530397454
drop_start_week,3,3,2,0.9182383223262235,0.916174909019181,0.916174909019181,0.9199470602535521,0.9185929977059374,0.916174909019181
drop_start_week,3,3,3,0.9184342942741047,0.9161251264329267,0.9161251264329267,0.9205419100637795,0.9186358463256081,0.9161251264329267
drop_start_week,3,3,4,0.9184845027951658,0.9160057966498121,0.9160057966498121,0.92091238484046,0.9185353268952251,0.9160057966498121
drop_start_week,3,4,0,0.9169948056615187,0.9157747248766204,0.9157747248766204,0.9177340052790933,0.9174756868288426,0.9157747248766204
drop_start_week,3,4,1,0.9178267715323655,0.9161053466770254,0.9161053466770254,0.9190982529675927,0.9182767149524786,0.9161053466770254
drop_start_week,3,4,2,0.9182685980851132,0.9162049118495339,0.9162049118495339,0.9199588465938282,0.9186420358119772,0.9162049118495339
drop_start_week,3,4,3,0.9184868283591247,0.9161842688117898,0.9161842688117898,0.920536440862716,0.9187397754028682,0.9161842688117898
drop_start_week,3,4,4,0.9185722337147268,0.9160988796358538,0.9160988796358538,0.9209125226304092,0.9187052988779177,0.9160988796358538
drop_start_week,4,0,1,0.9158634650756571,0.9151486335066279,0.9151486335066279,0.916227155592326,0.9162146061280173,0.9151486335066279
drop_start_week,4,0,2,0.9167733904489666,0.9154245050638599,0.9154245050638599,0.9180236715501404,0.9168719947328992,0.9154245050638599
drop_start_week,4,0,3,0.9171806313591877,0.9154205672870341,0.9154205672870341,0.9190503020652466,0.9170710247252823,0.9154205672870341
drop_start_week,4,0,4,0.9173413990090195,0.91532474300251,0.91532474300251,0.9196686609606647,0.9170307930638834,0.91532474300251
drop_start_week,4,1,0,0.91539420505995,0.9149905469123709,0.9149905469123709,0.9150768956950434,0.9161151725724356,0.9149905469123709
drop_start_week,4,1,1,0.9167939889905657,0.9156464442238752,0.9156464442238752,0.917439102989974,0.917296419757848,0.9156464442238752
drop_start_week,4,1,2,0.9174484625806151,0.915809952833915,0.915809952833915,0.9188019939774346,0.9177334409304957,0.915809952833915
drop_start_week,4,1,3,0.917735728273263,0.9157762545514642,0.9157762545514642,0.9195964378287933,0.9178344924395316,0.9157762545514642
drop_start_week,4,1,4,0.9178454699507,0.915665330407343,0.915665330407343,0.9201121856089125,0.917758893835845,0.915665330407343
drop_start_week,4,2,0,0.9162068532192111,0.9154228996625385,0.9154228996625385,0.916275975631275,0.9169216843638198,0.9154228996625385
drop_start_week,4,2,1,0.9172530033173322,0.9158710489558954,0.9158710489558954,0.9180954919113908,0.91779246908471,0.9158710489558954
drop_start_week,4,2,2,0.9177945138914572,0.9160069022563826,0.9160069022563826,0.9192042770339428,0.918172362384046,0.9160069022563826
drop_start_week,4,2,3,0.9180537584633637,0.9159919538497403,0.9159919538497403,0.9198954950148445,0.9182738265255064,0.9159919538497403
drop_start_week,4,2,4,0.918157462837585,0.9158922978054588,0.9158922978054588,0.9203565401851033,0.918223550522193,0.9158922978054588
drop_start_week,4,3,0,0.9166187694025942,0.9156065818061625,0.9156065818061625,0.9169551634896826,0.9172945629119376,0.9156065818061625
drop_start_week,4,3,1,0.9175018905898917,0.9159817610658798,0.9159817610658798,0.9184659560888446,0.9180579546149507,0.9159817610658798
drop_start_week,4,3,2,0.9179751387294184,0.9161074518730975,0.9161074518730975,0.9194276451409371,0.9183903191742208,0.9161074518730975
drop_start_week,4,3,3,0.9182173475801548,0.9161102386074664,0.9161102386074664,0.9200451560982058,0.9184966480347925,0.9161102386074664
drop_start_week,4,3,4,0.918340816699157,0.9160453258710242,0.9160453258710242,0.9204858295544263,0.9184912946720206,0.9160453258710242
drop_start_week,4,4,0,0.9168435923790348,0.9157144768911869,0.9157144768911869,0.9173770445166679,0.9174392557292493,0.9157144768911869
drop_start_week,4,4,1,0.9176253204083397,0.9160276664564904,0.9160276664564904,0.9186823499045603,0.9181659448639686,0.9160276664564904
drop_start_week,4,4,2,0.9180613387128433,0.9161600666296073,0.9161600666296073,0.9195320793232571,0.9184918701856655,0.9161600666296073
drop_start_week,4,4,3,0.9183015543050619,0.91617065319115,0.91617065319115,0.9201172096424475,0.9186168000815883,0.91617065319115
drop_start_week,4,4,4,0.9184344505776775,0.9161252778858815,0.9161252778858815,0.9205422492390392,0.9186358246081121,0.9161252778858815
